{
  "accuracy": 0.65,
  "top3_accuracy": 0.84,
  "macro_f1": 0.6543179696120872,
  "weighted_f1": 0.6543179696120873
}