{
  "accuracy": 0.63,
  "top3_accuracy": 0.86,
  "macro_f1": 0.6148443324073961,
  "weighted_f1": 0.614844332407396
}