method,accuracy,top3_accuracy,macro_f1,weighted_f1,ms_per_item
AST,0.87,0.98,0.8671585380563709,0.8671585380563708,294.56288200002746
CNN,0.63,0.86,0.6148443324073961,0.614844332407396,8.209914999897592
RandomForest,0.72,0.88,0.7192443889697894,0.7192443889697894,1.3070360000710934
KNN,0.65,0.84,0.6543179696120872,0.6543179696120873,17.112907999980962
