{
  "accuracy": 0.87,
  "top3_accuracy": 0.98,
  "macro_f1": 0.8671585380563709,
  "weighted_f1": 0.8671585380563708
}