{
  "accuracy": 0.72,
  "top3_accuracy": 0.88,
  "macro_f1": 0.7192443889697894,
  "weighted_f1": 0.7192443889697894
}